名,姓,メールアドレス,SCORMパッケージ:確認テスト（プロジェクトマネジメント） (実データ),SCORMパッケージ:確認テスト（基礎UML言語) (実データ),SCORMパッケージ:確認テスト（Linux入門） (実データ),SCORMパッケージ:確認テスト（アルゴリズム入門） (実データ),SCORMパッケージ:確認テスト（基礎Javaプログラム言語） (実データ),SCORMパッケージ:確認テスト（クラウド・コンピューティング特論） (実データ),小テスト:確認テスト（ネットワーク基礎技術） (実データ),小テスト:確認テスト（システム開発の基礎） (実データ)
Ryuichi,2125020 OTOWA,g2125020@fun.ac.jp,-,-,100.00,-,-,100.00,-,-
Etsuki,2125021 OMOTO,g2125021@fun.ac.jp,-,-,-,-,-,-,-,-
Shion,2125025 KABASHIMA,g2125025@fun.ac.jp,-,-,-,-,-,-,-,-
Ren,2125035 SATO,g2125035@fun.ac.jp,-,-,-,-,-,-,-,-
Asahi,2125037 SHIMADA,g2125037@fun.ac.jp,-,-,-,-,-,-,-,-
Kanta,2125038 SHIMIZU,g2125038@fun.ac.jp,-,-,-,-,-,-,-,-
Hidehiro,2125039 SUGA,g2125039@fun.ac.jp,-,-,-,-,-,-,-,-
Kento,2125041 SUDO,g2125041@fun.ac.jp,90.00,-,-,95.00,95.00,-,8.00,9.00
Takumi,2125044 TAKASUGI,g2125044@fun.ac.jp,-,-,-,-,-,-,-,-
Kenta,2125055 TODOME,g2125055@fun.ac.jp,-,-,-,-,-,-,-,-
